name,F_seq,R_seq,R_seq_rc
subra_01_25,AAACACGTGGCAAACATTCC,ACAGGGTATATTGAGTGCCC,GGGCACTCAATATACCCTGT
subra_01_26,AAACACGTGGCAAACATTCC,ACATAAGCGATCCCAAGGTC,GACCTTGGGATCGCTTATGT
subra_01_27,AAACACGTGGCAAACATTCC,ACATCGCATACCAGAACAGG,CCTGTTCTGGTATGCGATGT
subra_01_28,AAACACGTGGCAAACATTCC,ACATTAAATTTCGCCGTGGC,GCCACGGCGAAATTTAATGT
subra_01_29,AAACACGTGGCAAACATTCC,ACCACAGGTCAAGATTCACG,CGTGAATCTTGACCTGTGGT
subra_01_30,AAACACGTGGCAAACATTCC,ACCCGTATCGCATAAGGATG,CATCCTTATGCGATACGGGT
subra_01_31,AAACACGTGGCAAACATTCC,ACGAGATGATGCACCGATAG,CTATCGGTGCATCATCTCGT
subra_01_32,AAACACGTGGCAAACATTCC,ACGATGGGGACATAGAACAC,GTGTTCTATGTCCCCATCGT
subra_01_33,AAACACGTGGCAAACATTCC,ACGGAGCCCTTATTGTAACC,GGTTACAATAAGGGCTCCGT
subra_01_34,AAACACGTGGCAAACATTCC,ACGTATGGGGAACACTACAC,GTGTAGTGTTCCCCATACGT
subra_01_35,AAACACGTGGCAAACATTCC,ACGTGAAACTGTATCGAGCC,GGCTCGATACAGTTTCACGT
subra_01_36,AAACACGTGGCAAACATTCC,ACGTTCAGTTTTCCAATGGC,GCCATTGGAAAACTGAACGT
subra_01_37,AAACACGTGGCAAACATTCC,ACTAGATTAGCAAGGCACCC,GGGTGCCTTGCTAATCTAGT
subra_01_38,AAACACGTGGCAAACATTCC,ACTGGACCCAATAAAAGGCC,GGCCTTTTATTGGGTCCAGT
subra_01_39,AAACACGTGGCAAACATTCC,ACTTCGATTGGCAAGGACTG,CAGTCCTTGCCAATCGAAGT
subra_01_40,AAACACGTGGCAAACATTCC,AGAACATAGCATTCACGGGG,CCCCGTGAATGCTATGTTCT
subra_01_41,AAACACGTGGCAAACATTCC,AGACAACAATCTGAGGCTGG,CCAGCCTCAGATTGTTGTCT
subra_01_42,AAACACGTGGCAAACATTCC,AGACAAGCCTTAACCGTAGG,CCTACGGTTAAGGCTTGTCT
subra_01_43,AAACACGTGGCAAACATTCC,AGACACAAGGCTGATTCCAG,CTGGAATCAGCCTTGTGTCT
subra_01_44,AAACACGTGGCAAACATTCC,AGACATGGGATTGACCACAC,GTGTGGTCAATCCCATGTCT
subra_01_45,AAACACGTGGCAAACATTCC,AGAGAGGCATGATTGACCTC,GAGGTCAATCATGCCTCTCT
subra_01_46,AAACACGTGGCAAACATTCC,AGAGTTGCACCTAGAATCCG,CGGATTCTAGGTGCAACTCT
subra_01_47,AAACACGTGGCAAACATTCC,AGATAGATGCTCCGTCAAGC,GCTTGACGGAGCATCTATCT
subra_01_48,AAACACGTGGCAAACATTCC,AGATAGTCACGCACAAGACC,GGTCTTGTGCGTGACTATCT
subra_02_25,AAACCGGAGCCATACAGTAC,ACAGGGTATATTGAGTGCCC,GGGCACTCAATATACCCTGT
subra_02_26,AAACCGGAGCCATACAGTAC,ACATAAGCGATCCCAAGGTC,GACCTTGGGATCGCTTATGT
subra_02_27,AAACCGGAGCCATACAGTAC,ACATCGCATACCAGAACAGG,CCTGTTCTGGTATGCGATGT
subra_02_28,AAACCGGAGCCATACAGTAC,ACATTAAATTTCGCCGTGGC,GCCACGGCGAAATTTAATGT
subra_02_29,AAACCGGAGCCATACAGTAC,ACCACAGGTCAAGATTCACG,CGTGAATCTTGACCTGTGGT
subra_02_30,AAACCGGAGCCATACAGTAC,ACCCGTATCGCATAAGGATG,CATCCTTATGCGATACGGGT
subra_02_31,AAACCGGAGCCATACAGTAC,ACGAGATGATGCACCGATAG,CTATCGGTGCATCATCTCGT
subra_02_32,AAACCGGAGCCATACAGTAC,ACGATGGGGACATAGAACAC,GTGTTCTATGTCCCCATCGT
subra_02_33,AAACCGGAGCCATACAGTAC,ACGGAGCCCTTATTGTAACC,GGTTACAATAAGGGCTCCGT
subra_02_34,AAACCGGAGCCATACAGTAC,ACGTATGGGGAACACTACAC,GTGTAGTGTTCCCCATACGT
subra_02_35,AAACCGGAGCCATACAGTAC,ACGTGAAACTGTATCGAGCC,GGCTCGATACAGTTTCACGT
subra_02_36,AAACCGGAGCCATACAGTAC,ACGTTCAGTTTTCCAATGGC,GCCATTGGAAAACTGAACGT
subra_02_37,AAACCGGAGCCATACAGTAC,ACTAGATTAGCAAGGCACCC,GGGTGCCTTGCTAATCTAGT
subra_02_38,AAACCGGAGCCATACAGTAC,ACTGGACCCAATAAAAGGCC,GGCCTTTTATTGGGTCCAGT
subra_02_39,AAACCGGAGCCATACAGTAC,ACTTCGATTGGCAAGGACTG,CAGTCCTTGCCAATCGAAGT
subra_02_40,AAACCGGAGCCATACAGTAC,AGAACATAGCATTCACGGGG,CCCCGTGAATGCTATGTTCT
subra_02_41,AAACCGGAGCCATACAGTAC,AGACAACAATCTGAGGCTGG,CCAGCCTCAGATTGTTGTCT
subra_02_42,AAACCGGAGCCATACAGTAC,AGACAAGCCTTAACCGTAGG,CCTACGGTTAAGGCTTGTCT
subra_02_43,AAACCGGAGCCATACAGTAC,AGACACAAGGCTGATTCCAG,CTGGAATCAGCCTTGTGTCT
subra_02_44,AAACCGGAGCCATACAGTAC,AGACATGGGATTGACCACAC,GTGTGGTCAATCCCATGTCT
subra_02_45,AAACCGGAGCCATACAGTAC,AGAGAGGCATGATTGACCTC,GAGGTCAATCATGCCTCTCT
subra_02_46,AAACCGGAGCCATACAGTAC,AGAGTTGCACCTAGAATCCG,CGGATTCTAGGTGCAACTCT
subra_02_47,AAACCGGAGCCATACAGTAC,AGATAGATGCTCCGTCAAGC,GCTTGACGGAGCATCTATCT
subra_02_48,AAACCGGAGCCATACAGTAC,AGATAGTCACGCACAAGACC,GGTCTTGTGCGTGACTATCT
subra_03_25,AAAGCACTCTTAGGCCTCTG,ACAGGGTATATTGAGTGCCC,GGGCACTCAATATACCCTGT
subra_03_26,AAAGCACTCTTAGGCCTCTG,ACATAAGCGATCCCAAGGTC,GACCTTGGGATCGCTTATGT
subra_03_27,AAAGCACTCTTAGGCCTCTG,ACATCGCATACCAGAACAGG,CCTGTTCTGGTATGCGATGT
subra_03_28,AAAGCACTCTTAGGCCTCTG,ACATTAAATTTCGCCGTGGC,GCCACGGCGAAATTTAATGT
subra_03_29,AAAGCACTCTTAGGCCTCTG,ACCACAGGTCAAGATTCACG,CGTGAATCTTGACCTGTGGT
subra_03_30,AAAGCACTCTTAGGCCTCTG,ACCCGTATCGCATAAGGATG,CATCCTTATGCGATACGGGT
subra_03_31,AAAGCACTCTTAGGCCTCTG,ACGAGATGATGCACCGATAG,CTATCGGTGCATCATCTCGT
subra_03_32,AAAGCACTCTTAGGCCTCTG,ACGATGGGGACATAGAACAC,GTGTTCTATGTCCCCATCGT
subra_03_33,AAAGCACTCTTAGGCCTCTG,ACGGAGCCCTTATTGTAACC,GGTTACAATAAGGGCTCCGT
subra_03_34,AAAGCACTCTTAGGCCTCTG,ACGTATGGGGAACACTACAC,GTGTAGTGTTCCCCATACGT
subra_03_35,AAAGCACTCTTAGGCCTCTG,ACGTGAAACTGTATCGAGCC,GGCTCGATACAGTTTCACGT
subra_03_36,AAAGCACTCTTAGGCCTCTG,ACGTTCAGTTTTCCAATGGC,GCCATTGGAAAACTGAACGT
subra_03_37,AAAGCACTCTTAGGCCTCTG,ACTAGATTAGCAAGGCACCC,GGGTGCCTTGCTAATCTAGT
subra_03_38,AAAGCACTCTTAGGCCTCTG,ACTGGACCCAATAAAAGGCC,GGCCTTTTATTGGGTCCAGT
subra_03_39,AAAGCACTCTTAGGCCTCTG,ACTTCGATTGGCAAGGACTG,CAGTCCTTGCCAATCGAAGT
subra_03_40,AAAGCACTCTTAGGCCTCTG,AGAACATAGCATTCACGGGG,CCCCGTGAATGCTATGTTCT
subra_03_41,AAAGCACTCTTAGGCCTCTG,AGACAACAATCTGAGGCTGG,CCAGCCTCAGATTGTTGTCT
subra_03_42,AAAGCACTCTTAGGCCTCTG,AGACAAGCCTTAACCGTAGG,CCTACGGTTAAGGCTTGTCT
subra_03_43,AAAGCACTCTTAGGCCTCTG,AGACACAAGGCTGATTCCAG,CTGGAATCAGCCTTGTGTCT
subra_03_44,AAAGCACTCTTAGGCCTCTG,AGACATGGGATTGACCACAC,GTGTGGTCAATCCCATGTCT
subra_03_45,AAAGCACTCTTAGGCCTCTG,AGAGAGGCATGATTGACCTC,GAGGTCAATCATGCCTCTCT
subra_03_46,AAAGCACTCTTAGGCCTCTG,AGAGTTGCACCTAGAATCCG,CGGATTCTAGGTGCAACTCT
subra_03_47,AAAGCACTCTTAGGCCTCTG,AGATAGATGCTCCGTCAAGC,GCTTGACGGAGCATCTATCT
subra_03_48,AAAGCACTCTTAGGCCTCTG,AGATAGTCACGCACAAGACC,GGTCTTGTGCGTGACTATCT
subra_04_25,AAAGGGGCCGTCAATATCAG,ACAGGGTATATTGAGTGCCC,GGGCACTCAATATACCCTGT
subra_04_26,AAAGGGGCCGTCAATATCAG,ACATAAGCGATCCCAAGGTC,GACCTTGGGATCGCTTATGT
subra_04_27,AAAGGGGCCGTCAATATCAG,ACATCGCATACCAGAACAGG,CCTGTTCTGGTATGCGATGT
subra_04_28,AAAGGGGCCGTCAATATCAG,ACATTAAATTTCGCCGTGGC,GCCACGGCGAAATTTAATGT
subra_04_29,AAAGGGGCCGTCAATATCAG,ACCACAGGTCAAGATTCACG,CGTGAATCTTGACCTGTGGT
subra_04_30,AAAGGGGCCGTCAATATCAG,ACCCGTATCGCATAAGGATG,CATCCTTATGCGATACGGGT
subra_04_31,AAAGGGGCCGTCAATATCAG,ACGAGATGATGCACCGATAG,CTATCGGTGCATCATCTCGT
subra_04_32,AAAGGGGCCGTCAATATCAG,ACGATGGGGACATAGAACAC,GTGTTCTATGTCCCCATCGT
subra_04_33,AAAGGGGCCGTCAATATCAG,ACGGAGCCCTTATTGTAACC,GGTTACAATAAGGGCTCCGT
subra_04_34,AAAGGGGCCGTCAATATCAG,ACGTATGGGGAACACTACAC,GTGTAGTGTTCCCCATACGT
subra_04_35,AAAGGGGCCGTCAATATCAG,ACGTGAAACTGTATCGAGCC,GGCTCGATACAGTTTCACGT
subra_04_36,AAAGGGGCCGTCAATATCAG,ACGTTCAGTTTTCCAATGGC,GCCATTGGAAAACTGAACGT
subra_04_37,AAAGGGGCCGTCAATATCAG,ACTAGATTAGCAAGGCACCC,GGGTGCCTTGCTAATCTAGT
subra_04_38,AAAGGGGCCGTCAATATCAG,ACTGGACCCAATAAAAGGCC,GGCCTTTTATTGGGTCCAGT
subra_04_39,AAAGGGGCCGTCAATATCAG,ACTTCGATTGGCAAGGACTG,CAGTCCTTGCCAATCGAAGT
subra_04_40,AAAGGGGCCGTCAATATCAG,AGAACATAGCATTCACGGGG,CCCCGTGAATGCTATGTTCT
subra_04_41,AAAGGGGCCGTCAATATCAG,AGACAACAATCTGAGGCTGG,CCAGCCTCAGATTGTTGTCT
subra_04_42,AAAGGGGCCGTCAATATCAG,AGACAAGCCTTAACCGTAGG,CCTACGGTTAAGGCTTGTCT
subra_04_43,AAAGGGGCCGTCAATATCAG,AGACACAAGGCTGATTCCAG,CTGGAATCAGCCTTGTGTCT
subra_04_44,AAAGGGGCCGTCAATATCAG,AGACATGGGATTGACCACAC,GTGTGGTCAATCCCATGTCT
subra_04_45,AAAGGGGCCGTCAATATCAG,AGAGAGGCATGATTGACCTC,GAGGTCAATCATGCCTCTCT
subra_04_46,AAAGGGGCCGTCAATATCAG,AGAGTTGCACCTAGAATCCG,CGGATTCTAGGTGCAACTCT
subra_04_47,AAAGGGGCCGTCAATATCAG,AGATAGATGCTCCGTCAAGC,GCTTGACGGAGCATCTATCT
subra_04_48,AAAGGGGCCGTCAATATCAG,AGATAGTCACGCACAAGACC,GGTCTTGTGCGTGACTATCT
subra_05_25,AAATAAGACGACGACCCTCG,ACAGGGTATATTGAGTGCCC,GGGCACTCAATATACCCTGT
subra_05_26,AAATAAGACGACGACCCTCG,ACATAAGCGATCCCAAGGTC,GACCTTGGGATCGCTTATGT
subra_05_27,AAATAAGACGACGACCCTCG,ACATCGCATACCAGAACAGG,CCTGTTCTGGTATGCGATGT
subra_05_28,AAATAAGACGACGACCCTCG,ACATTAAATTTCGCCGTGGC,GCCACGGCGAAATTTAATGT
subra_05_29,AAATAAGACGACGACCCTCG,ACCACAGGTCAAGATTCACG,CGTGAATCTTGACCTGTGGT
subra_05_30,AAATAAGACGACGACCCTCG,ACCCGTATCGCATAAGGATG,CATCCTTATGCGATACGGGT
subra_05_31,AAATAAGACGACGACCCTCG,ACGAGATGATGCACCGATAG,CTATCGGTGCATCATCTCGT
subra_05_32,AAATAAGACGACGACCCTCG,ACGATGGGGACATAGAACAC,GTGTTCTATGTCCCCATCGT
subra_05_33,AAATAAGACGACGACCCTCG,ACGGAGCCCTTATTGTAACC,GGTTACAATAAGGGCTCCGT
subra_05_34,AAATAAGACGACGACCCTCG,ACGTATGGGGAACACTACAC,GTGTAGTGTTCCCCATACGT
subra_05_35,AAATAAGACGACGACCCTCG,ACGTGAAACTGTATCGAGCC,GGCTCGATACAGTTTCACGT
subra_05_36,AAATAAGACGACGACCCTCG,ACGTTCAGTTTTCCAATGGC,GCCATTGGAAAACTGAACGT
subra_05_37,AAATAAGACGACGACCCTCG,ACTAGATTAGCAAGGCACCC,GGGTGCCTTGCTAATCTAGT
subra_05_38,AAATAAGACGACGACCCTCG,ACTGGACCCAATAAAAGGCC,GGCCTTTTATTGGGTCCAGT
subra_05_39,AAATAAGACGACGACCCTCG,ACTTCGATTGGCAAGGACTG,CAGTCCTTGCCAATCGAAGT
subra_05_40,AAATAAGACGACGACCCTCG,AGAACATAGCATTCACGGGG,CCCCGTGAATGCTATGTTCT
subra_05_41,AAATAAGACGACGACCCTCG,AGACAACAATCTGAGGCTGG,CCAGCCTCAGATTGTTGTCT
subra_05_42,AAATAAGACGACGACCCTCG,AGACAAGCCTTAACCGTAGG,CCTACGGTTAAGGCTTGTCT
subra_05_43,AAATAAGACGACGACCCTCG,AGACACAAGGCTGATTCCAG,CTGGAATCAGCCTTGTGTCT
subra_05_44,AAATAAGACGACGACCCTCG,AGACATGGGATTGACCACAC,GTGTGGTCAATCCCATGTCT
subra_05_45,AAATAAGACGACGACCCTCG,AGAGAGGCATGATTGACCTC,GAGGTCAATCATGCCTCTCT
subra_05_46,AAATAAGACGACGACCCTCG,AGAGTTGCACCTAGAATCCG,CGGATTCTAGGTGCAACTCT
subra_05_47,AAATAAGACGACGACCCTCG,AGATAGATGCTCCGTCAAGC,GCTTGACGGAGCATCTATCT
subra_05_48,AAATAAGACGACGACCCTCG,AGATAGTCACGCACAAGACC,GGTCTTGTGCGTGACTATCT
subra_06_25,AACGATGATGCTCACTCTCG,ACAGGGTATATTGAGTGCCC,GGGCACTCAATATACCCTGT
subra_06_26,AACGATGATGCTCACTCTCG,ACATAAGCGATCCCAAGGTC,GACCTTGGGATCGCTTATGT
subra_06_27,AACGATGATGCTCACTCTCG,ACATCGCATACCAGAACAGG,CCTGTTCTGGTATGCGATGT
subra_06_28,AACGATGATGCTCACTCTCG,ACATTAAATTTCGCCGTGGC,GCCACGGCGAAATTTAATGT
subra_06_29,AACGATGATGCTCACTCTCG,ACCACAGGTCAAGATTCACG,CGTGAATCTTGACCTGTGGT
subra_06_30,AACGATGATGCTCACTCTCG,ACCCGTATCGCATAAGGATG,CATCCTTATGCGATACGGGT
subra_06_31,AACGATGATGCTCACTCTCG,ACGAGATGATGCACCGATAG,CTATCGGTGCATCATCTCGT
subra_06_32,AACGATGATGCTCACTCTCG,ACGATGGGGACATAGAACAC,GTGTTCTATGTCCCCATCGT
subra_06_33,AACGATGATGCTCACTCTCG,ACGGAGCCCTTATTGTAACC,GGTTACAATAAGGGCTCCGT
subra_06_34,AACGATGATGCTCACTCTCG,ACGTATGGGGAACACTACAC,GTGTAGTGTTCCCCATACGT
subra_06_35,AACGATGATGCTCACTCTCG,ACGTGAAACTGTATCGAGCC,GGCTCGATACAGTTTCACGT
subra_06_36,AACGATGATGCTCACTCTCG,ACGTTCAGTTTTCCAATGGC,GCCATTGGAAAACTGAACGT
subra_06_37,AACGATGATGCTCACTCTCG,ACTAGATTAGCAAGGCACCC,GGGTGCCTTGCTAATCTAGT
subra_06_38,AACGATGATGCTCACTCTCG,ACTGGACCCAATAAAAGGCC,GGCCTTTTATTGGGTCCAGT
subra_06_39,AACGATGATGCTCACTCTCG,ACTTCGATTGGCAAGGACTG,CAGTCCTTGCCAATCGAAGT
subra_06_40,AACGATGATGCTCACTCTCG,AGAACATAGCATTCACGGGG,CCCCGTGAATGCTATGTTCT
subra_06_41,AACGATGATGCTCACTCTCG,AGACAACAATCTGAGGCTGG,CCAGCCTCAGATTGTTGTCT
subra_06_42,AACGATGATGCTCACTCTCG,AGACAAGCCTTAACCGTAGG,CCTACGGTTAAGGCTTGTCT
subra_06_43,AACGATGATGCTCACTCTCG,AGACACAAGGCTGATTCCAG,CTGGAATCAGCCTTGTGTCT
subra_06_44,AACGATGATGCTCACTCTCG,AGACATGGGATTGACCACAC,GTGTGGTCAATCCCATGTCT
subra_06_45,AACGATGATGCTCACTCTCG,AGAGAGGCATGATTGACCTC,GAGGTCAATCATGCCTCTCT
subra_06_46,AACGATGATGCTCACTCTCG,AGAGTTGCACCTAGAATCCG,CGGATTCTAGGTGCAACTCT
subra_06_47,AACGATGATGCTCACTCTCG,AGATAGATGCTCCGTCAAGC,GCTTGACGGAGCATCTATCT
subra_06_48,AACGATGATGCTCACTCTCG,AGATAGTCACGCACAAGACC,GGTCTTGTGCGTGACTATCT
subra_07_25,AAGAATTACTGACCCCTCGG,ACAGGGTATATTGAGTGCCC,GGGCACTCAATATACCCTGT
subra_07_26,AAGAATTACTGACCCCTCGG,ACATAAGCGATCCCAAGGTC,GACCTTGGGATCGCTTATGT
subra_07_27,AAGAATTACTGACCCCTCGG,ACATCGCATACCAGAACAGG,CCTGTTCTGGTATGCGATGT
subra_07_28,AAGAATTACTGACCCCTCGG,ACATTAAATTTCGCCGTGGC,GCCACGGCGAAATTTAATGT
subra_07_29,AAGAATTACTGACCCCTCGG,ACCACAGGTCAAGATTCACG,CGTGAATCTTGACCTGTGGT
subra_07_30,AAGAATTACTGACCCCTCGG,ACCCGTATCGCATAAGGATG,CATCCTTATGCGATACGGGT
subra_07_31,AAGAATTACTGACCCCTCGG,ACGAGATGATGCACCGATAG,CTATCGGTGCATCATCTCGT
subra_07_32,AAGAATTACTGACCCCTCGG,ACGATGGGGACATAGAACAC,GTGTTCTATGTCCCCATCGT
subra_07_33,AAGAATTACTGACCCCTCGG,ACGGAGCCCTTATTGTAACC,GGTTACAATAAGGGCTCCGT
subra_07_34,AAGAATTACTGACCCCTCGG,ACGTATGGGGAACACTACAC,GTGTAGTGTTCCCCATACGT
subra_07_35,AAGAATTACTGACCCCTCGG,ACGTGAAACTGTATCGAGCC,GGCTCGATACAGTTTCACGT
subra_07_36,AAGAATTACTGACCCCTCGG,ACGTTCAGTTTTCCAATGGC,GCCATTGGAAAACTGAACGT
subra_07_37,AAGAATTACTGACCCCTCGG,ACTAGATTAGCAAGGCACCC,GGGTGCCTTGCTAATCTAGT
subra_07_38,AAGAATTACTGACCCCTCGG,ACTGGACCCAATAAAAGGCC,GGCCTTTTATTGGGTCCAGT
subra_07_39,AAGAATTACTGACCCCTCGG,ACTTCGATTGGCAAGGACTG,CAGTCCTTGCCAATCGAAGT
subra_07_40,AAGAATTACTGACCCCTCGG,AGAACATAGCATTCACGGGG,CCCCGTGAATGCTATGTTCT
subra_07_41,AAGAATTACTGACCCCTCGG,AGACAACAATCTGAGGCTGG,CCAGCCTCAGATTGTTGTCT
subra_07_42,AAGAATTACTGACCCCTCGG,AGACAAGCCTTAACCGTAGG,CCTACGGTTAAGGCTTGTCT
subra_07_43,AAGAATTACTGACCCCTCGG,AGACACAAGGCTGATTCCAG,CTGGAATCAGCCTTGTGTCT
subra_07_44,AAGAATTACTGACCCCTCGG,AGACATGGGATTGACCACAC,GTGTGGTCAATCCCATGTCT
subra_07_45,AAGAATTACTGACCCCTCGG,AGAGAGGCATGATTGACCTC,GAGGTCAATCATGCCTCTCT
subra_07_46,AAGAATTACTGACCCCTCGG,AGAGTTGCACCTAGAATCCG,CGGATTCTAGGTGCAACTCT
subra_07_47,AAGAATTACTGACCCCTCGG,AGATAGATGCTCCGTCAAGC,GCTTGACGGAGCATCTATCT
subra_07_48,AAGAATTACTGACCCCTCGG,AGATAGTCACGCACAAGACC,GGTCTTGTGCGTGACTATCT
subra_08_25,AAGACGATCCGAGCCATTAC,ACAGGGTATATTGAGTGCCC,GGGCACTCAATATACCCTGT
subra_08_26,AAGACGATCCGAGCCATTAC,ACATAAGCGATCCCAAGGTC,GACCTTGGGATCGCTTATGT
subra_08_27,AAGACGATCCGAGCCATTAC,ACATCGCATACCAGAACAGG,CCTGTTCTGGTATGCGATGT
subra_08_28,AAGACGATCCGAGCCATTAC,ACATTAAATTTCGCCGTGGC,GCCACGGCGAAATTTAATGT
subra_08_29,AAGACGATCCGAGCCATTAC,ACCACAGGTCAAGATTCACG,CGTGAATCTTGACCTGTGGT
subra_08_30,AAGACGATCCGAGCCATTAC,ACCCGTATCGCATAAGGATG,CATCCTTATGCGATACGGGT
subra_08_31,AAGACGATCCGAGCCATTAC,ACGAGATGATGCACCGATAG,CTATCGGTGCATCATCTCGT
subra_08_32,AAGACGATCCGAGCCATTAC,ACGATGGGGACATAGAACAC,GTGTTCTATGTCCCCATCGT
subra_08_33,AAGACGATCCGAGCCATTAC,ACGGAGCCCTTATTGTAACC,GGTTACAATAAGGGCTCCGT
subra_08_34,AAGACGATCCGAGCCATTAC,ACGTATGGGGAACACTACAC,GTGTAGTGTTCCCCATACGT
subra_08_35,AAGACGATCCGAGCCATTAC,ACGTGAAACTGTATCGAGCC,GGCTCGATACAGTTTCACGT
subra_08_36,AAGACGATCCGAGCCATTAC,ACGTTCAGTTTTCCAATGGC,GCCATTGGAAAACTGAACGT
subra_08_37,AAGACGATCCGAGCCATTAC,ACTAGATTAGCAAGGCACCC,GGGTGCCTTGCTAATCTAGT
subra_08_38,AAGACGATCCGAGCCATTAC,ACTGGACCCAATAAAAGGCC,GGCCTTTTATTGGGTCCAGT
subra_08_39,AAGACGATCCGAGCCATTAC,ACTTCGATTGGCAAGGACTG,CAGTCCTTGCCAATCGAAGT
subra_08_40,AAGACGATCCGAGCCATTAC,AGAACATAGCATTCACGGGG,CCCCGTGAATGCTATGTTCT
subra_08_41,AAGACGATCCGAGCCATTAC,AGACAACAATCTGAGGCTGG,CCAGCCTCAGATTGTTGTCT
subra_08_42,AAGACGATCCGAGCCATTAC,AGACAAGCCTTAACCGTAGG,CCTACGGTTAAGGCTTGTCT
subra_08_43,AAGACGATCCGAGCCATTAC,AGACACAAGGCTGATTCCAG,CTGGAATCAGCCTTGTGTCT
subra_08_44,AAGACGATCCGAGCCATTAC,AGACATGGGATTGACCACAC,GTGTGGTCAATCCCATGTCT
subra_08_45,AAGACGATCCGAGCCATTAC,AGAGAGGCATGATTGACCTC,GAGGTCAATCATGCCTCTCT
subra_08_46,AAGACGATCCGAGCCATTAC,AGAGTTGCACCTAGAATCCG,CGGATTCTAGGTGCAACTCT
subra_08_47,AAGACGATCCGAGCCATTAC,AGATAGATGCTCCGTCAAGC,GCTTGACGGAGCATCTATCT
subra_08_48,AAGACGATCCGAGCCATTAC,AGATAGTCACGCACAAGACC,GGTCTTGTGCGTGACTATCT
subra_09_25,AAGGAACTATGGCATCGAGC,ACAGGGTATATTGAGTGCCC,GGGCACTCAATATACCCTGT
subra_09_26,AAGGAACTATGGCATCGAGC,ACATAAGCGATCCCAAGGTC,GACCTTGGGATCGCTTATGT
subra_09_27,AAGGAACTATGGCATCGAGC,ACATCGCATACCAGAACAGG,CCTGTTCTGGTATGCGATGT
subra_09_28,AAGGAACTATGGCATCGAGC,ACATTAAATTTCGCCGTGGC,GCCACGGCGAAATTTAATGT
subra_09_29,AAGGAACTATGGCATCGAGC,ACCACAGGTCAAGATTCACG,CGTGAATCTTGACCTGTGGT
subra_09_30,AAGGAACTATGGCATCGAGC,ACCCGTATCGCATAAGGATG,CATCCTTATGCGATACGGGT
subra_09_31,AAGGAACTATGGCATCGAGC,ACGAGATGATGCACCGATAG,CTATCGGTGCATCATCTCGT
subra_09_32,AAGGAACTATGGCATCGAGC,ACGATGGGGACATAGAACAC,GTGTTCTATGTCCCCATCGT
subra_09_33,AAGGAACTATGGCATCGAGC,ACGGAGCCCTTATTGTAACC,GGTTACAATAAGGGCTCCGT
subra_09_34,AAGGAACTATGGCATCGAGC,ACGTATGGGGAACACTACAC,GTGTAGTGTTCCCCATACGT
subra_09_35,AAGGAACTATGGCATCGAGC,ACGTGAAACTGTATCGAGCC,GGCTCGATACAGTTTCACGT
subra_09_36,AAGGAACTATGGCATCGAGC,ACGTTCAGTTTTCCAATGGC,GCCATTGGAAAACTGAACGT
subra_09_37,AAGGAACTATGGCATCGAGC,ACTAGATTAGCAAGGCACCC,GGGTGCCTTGCTAATCTAGT
subra_09_38,AAGGAACTATGGCATCGAGC,ACTGGACCCAATAAAAGGCC,GGCCTTTTATTGGGTCCAGT
subra_09_39,AAGGAACTATGGCATCGAGC,ACTTCGATTGGCAAGGACTG,CAGTCCTTGCCAATCGAAGT
subra_09_40,AAGGAACTATGGCATCGAGC,AGAACATAGCATTCACGGGG,CCCCGTGAATGCTATGTTCT
subra_09_41,AAGGAACTATGGCATCGAGC,AGACAACAATCTGAGGCTGG,CCAGCCTCAGATTGTTGTCT
subra_09_42,AAGGAACTATGGCATCGAGC,AGACAAGCCTTAACCGTAGG,CCTACGGTTAAGGCTTGTCT
subra_09_43,AAGGAACTATGGCATCGAGC,AGACACAAGGCTGATTCCAG,CTGGAATCAGCCTTGTGTCT
subra_09_44,AAGGAACTATGGCATCGAGC,AGACATGGGATTGACCACAC,GTGTGGTCAATCCCATGTCT
subra_09_45,AAGGAACTATGGCATCGAGC,AGAGAGGCATGATTGACCTC,GAGGTCAATCATGCCTCTCT
subra_09_46,AAGGAACTATGGCATCGAGC,AGAGTTGCACCTAGAATCCG,CGGATTCTAGGTGCAACTCT
subra_09_47,AAGGAACTATGGCATCGAGC,AGATAGATGCTCCGTCAAGC,GCTTGACGGAGCATCTATCT
subra_09_48,AAGGAACTATGGCATCGAGC,AGATAGTCACGCACAAGACC,GGTCTTGTGCGTGACTATCT
subra_10_25,AAGGACTGCATACCAGGTTG,ACAGGGTATATTGAGTGCCC,GGGCACTCAATATACCCTGT
subra_10_26,AAGGACTGCATACCAGGTTG,ACATAAGCGATCCCAAGGTC,GACCTTGGGATCGCTTATGT
subra_10_27,AAGGACTGCATACCAGGTTG,ACATCGCATACCAGAACAGG,CCTGTTCTGGTATGCGATGT
subra_10_28,AAGGACTGCATACCAGGTTG,ACATTAAATTTCGCCGTGGC,GCCACGGCGAAATTTAATGT
subra_10_29,AAGGACTGCATACCAGGTTG,ACCACAGGTCAAGATTCACG,CGTGAATCTTGACCTGTGGT
subra_10_30,AAGGACTGCATACCAGGTTG,ACCCGTATCGCATAAGGATG,CATCCTTATGCGATACGGGT
subra_10_31,AAGGACTGCATACCAGGTTG,ACGAGATGATGCACCGATAG,CTATCGGTGCATCATCTCGT
subra_10_32,AAGGACTGCATACCAGGTTG,ACGATGGGGACATAGAACAC,GTGTTCTATGTCCCCATCGT
subra_10_33,AAGGACTGCATACCAGGTTG,ACGGAGCCCTTATTGTAACC,GGTTACAATAAGGGCTCCGT
subra_10_34,AAGGACTGCATACCAGGTTG,ACGTATGGGGAACACTACAC,GTGTAGTGTTCCCCATACGT
subra_10_35,AAGGACTGCATACCAGGTTG,ACGTGAAACTGTATCGAGCC,GGCTCGATACAGTTTCACGT
subra_10_36,AAGGACTGCATACCAGGTTG,ACGTTCAGTTTTCCAATGGC,GCCATTGGAAAACTGAACGT
subra_10_37,AAGGACTGCATACCAGGTTG,ACTAGATTAGCAAGGCACCC,GGGTGCCTTGCTAATCTAGT
subra_10_38,AAGGACTGCATACCAGGTTG,ACTGGACCCAATAAAAGGCC,GGCCTTTTATTGGGTCCAGT
subra_10_39,AAGGACTGCATACCAGGTTG,ACTTCGATTGGCAAGGACTG,CAGTCCTTGCCAATCGAAGT
subra_10_40,AAGGACTGCATACCAGGTTG,AGAACATAGCATTCACGGGG,CCCCGTGAATGCTATGTTCT
subra_10_41,AAGGACTGCATACCAGGTTG,AGACAACAATCTGAGGCTGG,CCAGCCTCAGATTGTTGTCT
subra_10_42,AAGGACTGCATACCAGGTTG,AGACAAGCCTTAACCGTAGG,CCTACGGTTAAGGCTTGTCT
subra_10_43,AAGGACTGCATACCAGGTTG,AGACACAAGGCTGATTCCAG,CTGGAATCAGCCTTGTGTCT
subra_10_44,AAGGACTGCATACCAGGTTG,AGACATGGGATTGACCACAC,GTGTGGTCAATCCCATGTCT
subra_10_45,AAGGACTGCATACCAGGTTG,AGAGAGGCATGATTGACCTC,GAGGTCAATCATGCCTCTCT
subra_10_46,AAGGACTGCATACCAGGTTG,AGAGTTGCACCTAGAATCCG,CGGATTCTAGGTGCAACTCT
subra_10_47,AAGGACTGCATACCAGGTTG,AGATAGATGCTCCGTCAAGC,GCTTGACGGAGCATCTATCT
subra_10_48,AAGGACTGCATACCAGGTTG,AGATAGTCACGCACAAGACC,GGTCTTGTGCGTGACTATCT
subra_11_25,AAGGATATGTAGACACCGCC,ACAGGGTATATTGAGTGCCC,GGGCACTCAATATACCCTGT
subra_11_26,AAGGATATGTAGACACCGCC,ACATAAGCGATCCCAAGGTC,GACCTTGGGATCGCTTATGT
subra_11_27,AAGGATATGTAGACACCGCC,ACATCGCATACCAGAACAGG,CCTGTTCTGGTATGCGATGT
subra_11_28,AAGGATATGTAGACACCGCC,ACATTAAATTTCGCCGTGGC,GCCACGGCGAAATTTAATGT
subra_11_29,AAGGATATGTAGACACCGCC,ACCACAGGTCAAGATTCACG,CGTGAATCTTGACCTGTGGT
subra_11_30,AAGGATATGTAGACACCGCC,ACCCGTATCGCATAAGGATG,CATCCTTATGCGATACGGGT
subra_11_31,AAGGATATGTAGACACCGCC,ACGAGATGATGCACCGATAG,CTATCGGTGCATCATCTCGT
subra_11_32,AAGGATATGTAGACACCGCC,ACGATGGGGACATAGAACAC,GTGTTCTATGTCCCCATCGT
subra_11_33,AAGGATATGTAGACACCGCC,ACGGAGCCCTTATTGTAACC,GGTTACAATAAGGGCTCCGT
subra_11_34,AAGGATATGTAGACACCGCC,ACGTATGGGGAACACTACAC,GTGTAGTGTTCCCCATACGT
subra_11_35,AAGGATATGTAGACACCGCC,ACGTGAAACTGTATCGAGCC,GGCTCGATACAGTTTCACGT
subra_11_36,AAGGATATGTAGACACCGCC,ACGTTCAGTTTTCCAATGGC,GCCATTGGAAAACTGAACGT
subra_11_37,AAGGATATGTAGACACCGCC,ACTAGATTAGCAAGGCACCC,GGGTGCCTTGCTAATCTAGT
subra_11_38,AAGGATATGTAGACACCGCC,ACTGGACCCAATAAAAGGCC,GGCCTTTTATTGGGTCCAGT
subra_11_39,AAGGATATGTAGACACCGCC,ACTTCGATTGGCAAGGACTG,CAGTCCTTGCCAATCGAAGT
subra_11_40,AAGGATATGTAGACACCGCC,AGAACATAGCATTCACGGGG,CCCCGTGAATGCTATGTTCT
subra_11_41,AAGGATATGTAGACACCGCC,AGACAACAATCTGAGGCTGG,CCAGCCTCAGATTGTTGTCT
subra_11_42,AAGGATATGTAGACACCGCC,AGACAAGCCTTAACCGTAGG,CCTACGGTTAAGGCTTGTCT
subra_11_43,AAGGATATGTAGACACCGCC,AGACACAAGGCTGATTCCAG,CTGGAATCAGCCTTGTGTCT
subra_11_44,AAGGATATGTAGACACCGCC,AGACATGGGATTGACCACAC,GTGTGGTCAATCCCATGTCT
subra_11_45,AAGGATATGTAGACACCGCC,AGAGAGGCATGATTGACCTC,GAGGTCAATCATGCCTCTCT
subra_11_46,AAGGATATGTAGACACCGCC,AGAGTTGCACCTAGAATCCG,CGGATTCTAGGTGCAACTCT
subra_11_47,AAGGATATGTAGACACCGCC,AGATAGATGCTCCGTCAAGC,GCTTGACGGAGCATCTATCT
subra_11_48,AAGGATATGTAGACACCGCC,AGATAGTCACGCACAAGACC,GGTCTTGTGCGTGACTATCT
subra_12_25,AAGGCCCAGAAGGATACAAC,ACAGGGTATATTGAGTGCCC,GGGCACTCAATATACCCTGT
subra_12_26,AAGGCCCAGAAGGATACAAC,ACATAAGCGATCCCAAGGTC,GACCTTGGGATCGCTTATGT
subra_12_27,AAGGCCCAGAAGGATACAAC,ACATCGCATACCAGAACAGG,CCTGTTCTGGTATGCGATGT
subra_12_28,AAGGCCCAGAAGGATACAAC,ACATTAAATTTCGCCGTGGC,GCCACGGCGAAATTTAATGT
subra_12_29,AAGGCCCAGAAGGATACAAC,ACCACAGGTCAAGATTCACG,CGTGAATCTTGACCTGTGGT
subra_12_30,AAGGCCCAGAAGGATACAAC,ACCCGTATCGCATAAGGATG,CATCCTTATGCGATACGGGT
subra_12_31,AAGGCCCAGAAGGATACAAC,ACGAGATGATGCACCGATAG,CTATCGGTGCATCATCTCGT
subra_12_32,AAGGCCCAGAAGGATACAAC,ACGATGGGGACATAGAACAC,GTGTTCTATGTCCCCATCGT
subra_12_33,AAGGCCCAGAAGGATACAAC,ACGGAGCCCTTATTGTAACC,GGTTACAATAAGGGCTCCGT
subra_12_34,AAGGCCCAGAAGGATACAAC,ACGTATGGGGAACACTACAC,GTGTAGTGTTCCCCATACGT
subra_12_35,AAGGCCCAGAAGGATACAAC,ACGTGAAACTGTATCGAGCC,GGCTCGATACAGTTTCACGT
subra_12_36,AAGGCCCAGAAGGATACAAC,ACGTTCAGTTTTCCAATGGC,GCCATTGGAAAACTGAACGT
subra_12_37,AAGGCCCAGAAGGATACAAC,ACTAGATTAGCAAGGCACCC,GGGTGCCTTGCTAATCTAGT
subra_12_38,AAGGCCCAGAAGGATACAAC,ACTGGACCCAATAAAAGGCC,GGCCTTTTATTGGGTCCAGT
subra_12_39,AAGGCCCAGAAGGATACAAC,ACTTCGATTGGCAAGGACTG,CAGTCCTTGCCAATCGAAGT
subra_12_40,AAGGCCCAGAAGGATACAAC,AGAACATAGCATTCACGGGG,CCCCGTGAATGCTATGTTCT
subra_12_41,AAGGCCCAGAAGGATACAAC,AGACAACAATCTGAGGCTGG,CCAGCCTCAGATTGTTGTCT
subra_12_42,AAGGCCCAGAAGGATACAAC,AGACAAGCCTTAACCGTAGG,CCTACGGTTAAGGCTTGTCT
subra_12_43,AAGGCCCAGAAGGATACAAC,AGACACAAGGCTGATTCCAG,CTGGAATCAGCCTTGTGTCT
subra_12_44,AAGGCCCAGAAGGATACAAC,AGACATGGGATTGACCACAC,GTGTGGTCAATCCCATGTCT
subra_12_45,AAGGCCCAGAAGGATACAAC,AGAGAGGCATGATTGACCTC,GAGGTCAATCATGCCTCTCT
subra_12_46,AAGGCCCAGAAGGATACAAC,AGAGTTGCACCTAGAATCCG,CGGATTCTAGGTGCAACTCT
subra_12_47,AAGGCCCAGAAGGATACAAC,AGATAGATGCTCCGTCAAGC,GCTTGACGGAGCATCTATCT
subra_12_48,AAGGCCCAGAAGGATACAAC,AGATAGTCACGCACAAGACC,GGTCTTGTGCGTGACTATCT
subra_13_25,AAGGCGCTCGGATAATACTC,ACAGGGTATATTGAGTGCCC,GGGCACTCAATATACCCTGT
subra_13_26,AAGGCGCTCGGATAATACTC,ACATAAGCGATCCCAAGGTC,GACCTTGGGATCGCTTATGT
subra_13_27,AAGGCGCTCGGATAATACTC,ACATCGCATACCAGAACAGG,CCTGTTCTGGTATGCGATGT
subra_13_28,AAGGCGCTCGGATAATACTC,ACATTAAATTTCGCCGTGGC,GCCACGGCGAAATTTAATGT
subra_13_29,AAGGCGCTCGGATAATACTC,ACCACAGGTCAAGATTCACG,CGTGAATCTTGACCTGTGGT
subra_13_30,AAGGCGCTCGGATAATACTC,ACCCGTATCGCATAAGGATG,CATCCTTATGCGATACGGGT
subra_13_31,AAGGCGCTCGGATAATACTC,ACGAGATGATGCACCGATAG,CTATCGGTGCATCATCTCGT
subra_13_32,AAGGCGCTCGGATAATACTC,ACGATGGGGACATAGAACAC,GTGTTCTATGTCCCCATCGT
subra_13_33,AAGGCGCTCGGATAATACTC,ACGGAGCCCTTATTGTAACC,GGTTACAATAAGGGCTCCGT
subra_13_34,AAGGCGCTCGGATAATACTC,ACGTATGGGGAACACTACAC,GTGTAGTGTTCCCCATACGT
subra_13_35,AAGGCGCTCGGATAATACTC,ACGTGAAACTGTATCGAGCC,GGCTCGATACAGTTTCACGT
subra_13_36,AAGGCGCTCGGATAATACTC,ACGTTCAGTTTTCCAATGGC,GCCATTGGAAAACTGAACGT
subra_13_37,AAGGCGCTCGGATAATACTC,ACTAGATTAGCAAGGCACCC,GGGTGCCTTGCTAATCTAGT
subra_13_38,AAGGCGCTCGGATAATACTC,ACTGGACCCAATAAAAGGCC,GGCCTTTTATTGGGTCCAGT
subra_13_39,AAGGCGCTCGGATAATACTC,ACTTCGATTGGCAAGGACTG,CAGTCCTTGCCAATCGAAGT
subra_13_40,AAGGCGCTCGGATAATACTC,AGAACATAGCATTCACGGGG,CCCCGTGAATGCTATGTTCT
subra_13_41,AAGGCGCTCGGATAATACTC,AGACAACAATCTGAGGCTGG,CCAGCCTCAGATTGTTGTCT
subra_13_42,AAGGCGCTCGGATAATACTC,AGACAAGCCTTAACCGTAGG,CCTACGGTTAAGGCTTGTCT
subra_13_43,AAGGCGCTCGGATAATACTC,AGACACAAGGCTGATTCCAG,CTGGAATCAGCCTTGTGTCT
subra_13_44,AAGGCGCTCGGATAATACTC,AGACATGGGATTGACCACAC,GTGTGGTCAATCCCATGTCT
subra_13_45,AAGGCGCTCGGATAATACTC,AGAGAGGCATGATTGACCTC,GAGGTCAATCATGCCTCTCT
subra_13_46,AAGGCGCTCGGATAATACTC,AGAGTTGCACCTAGAATCCG,CGGATTCTAGGTGCAACTCT
subra_13_47,AAGGCGCTCGGATAATACTC,AGATAGATGCTCCGTCAAGC,GCTTGACGGAGCATCTATCT
subra_13_48,AAGGCGCTCGGATAATACTC,AGATAGTCACGCACAAGACC,GGTCTTGTGCGTGACTATCT
subra_14_25,AAGGTATGTATAGCGACCGC,ACAGGGTATATTGAGTGCCC,GGGCACTCAATATACCCTGT
subra_14_26,AAGGTATGTATAGCGACCGC,ACATAAGCGATCCCAAGGTC,GACCTTGGGATCGCTTATGT
subra_14_27,AAGGTATGTATAGCGACCGC,ACATCGCATACCAGAACAGG,CCTGTTCTGGTATGCGATGT
subra_14_28,AAGGTATGTATAGCGACCGC,ACATTAAATTTCGCCGTGGC,GCCACGGCGAAATTTAATGT
subra_14_29,AAGGTATGTATAGCGACCGC,ACCACAGGTCAAGATTCACG,CGTGAATCTTGACCTGTGGT
subra_14_30,AAGGTATGTATAGCGACCGC,ACCCGTATCGCATAAGGATG,CATCCTTATGCGATACGGGT
subra_14_31,AAGGTATGTATAGCGACCGC,ACGAGATGATGCACCGATAG,CTATCGGTGCATCATCTCGT
subra_14_32,AAGGTATGTATAGCGACCGC,ACGATGGGGACATAGAACAC,GTGTTCTATGTCCCCATCGT
subra_14_33,AAGGTATGTATAGCGACCGC,ACGGAGCCCTTATTGTAACC,GGTTACAATAAGGGCTCCGT
subra_14_34,AAGGTATGTATAGCGACCGC,ACGTATGGGGAACACTACAC,GTGTAGTGTTCCCCATACGT
subra_14_35,AAGGTATGTATAGCGACCGC,ACGTGAAACTGTATCGAGCC,GGCTCGATACAGTTTCACGT
subra_14_36,AAGGTATGTATAGCGACCGC,ACGTTCAGTTTTCCAATGGC,GCCATTGGAAAACTGAACGT
subra_14_37,AAGGTATGTATAGCGACCGC,ACTAGATTAGCAAGGCACCC,GGGTGCCTTGCTAATCTAGT
subra_14_38,AAGGTATGTATAGCGACCGC,ACTGGACCCAATAAAAGGCC,GGCCTTTTATTGGGTCCAGT
subra_14_39,AAGGTATGTATAGCGACCGC,ACTTCGATTGGCAAGGACTG,CAGTCCTTGCCAATCGAAGT
subra_14_40,AAGGTATGTATAGCGACCGC,AGAACATAGCATTCACGGGG,CCCCGTGAATGCTATGTTCT
subra_14_41,AAGGTATGTATAGCGACCGC,AGACAACAATCTGAGGCTGG,CCAGCCTCAGATTGTTGTCT
subra_14_42,AAGGTATGTATAGCGACCGC,AGACAAGCCTTAACCGTAGG,CCTACGGTTAAGGCTTGTCT
subra_14_43,AAGGTATGTATAGCGACCGC,AGACACAAGGCTGATTCCAG,CTGGAATCAGCCTTGTGTCT
subra_14_44,AAGGTATGTATAGCGACCGC,AGACATGGGATTGACCACAC,GTGTGGTCAATCCCATGTCT
subra_14_45,AAGGTATGTATAGCGACCGC,AGAGAGGCATGATTGACCTC,GAGGTCAATCATGCCTCTCT
subra_14_46,AAGGTATGTATAGCGACCGC,AGAGTTGCACCTAGAATCCG,CGGATTCTAGGTGCAACTCT
subra_14_47,AAGGTATGTATAGCGACCGC,AGATAGATGCTCCGTCAAGC,GCTTGACGGAGCATCTATCT
subra_14_48,AAGGTATGTATAGCGACCGC,AGATAGTCACGCACAAGACC,GGTCTTGTGCGTGACTATCT
subra_15_25,AATAGGAACCTCTTACGCGG,ACAGGGTATATTGAGTGCCC,GGGCACTCAATATACCCTGT
subra_15_26,AATAGGAACCTCTTACGCGG,ACATAAGCGATCCCAAGGTC,GACCTTGGGATCGCTTATGT
subra_15_27,AATAGGAACCTCTTACGCGG,ACATCGCATACCAGAACAGG,CCTGTTCTGGTATGCGATGT
subra_15_28,AATAGGAACCTCTTACGCGG,ACATTAAATTTCGCCGTGGC,GCCACGGCGAAATTTAATGT
subra_15_29,AATAGGAACCTCTTACGCGG,ACCACAGGTCAAGATTCACG,CGTGAATCTTGACCTGTGGT
subra_15_30,AATAGGAACCTCTTACGCGG,ACCCGTATCGCATAAGGATG,CATCCTTATGCGATACGGGT
subra_15_31,AATAGGAACCTCTTACGCGG,ACGAGATGATGCACCGATAG,CTATCGGTGCATCATCTCGT
subra_15_32,AATAGGAACCTCTTACGCGG,ACGATGGGGACATAGAACAC,GTGTTCTATGTCCCCATCGT
subra_15_33,AATAGGAACCTCTTACGCGG,ACGGAGCCCTTATTGTAACC,GGTTACAATAAGGGCTCCGT
subra_15_34,AATAGGAACCTCTTACGCGG,ACGTATGGGGAACACTACAC,GTGTAGTGTTCCCCATACGT
subra_15_35,AATAGGAACCTCTTACGCGG,ACGTGAAACTGTATCGAGCC,GGCTCGATACAGTTTCACGT
subra_15_36,AATAGGAACCTCTTACGCGG,ACGTTCAGTTTTCCAATGGC,GCCATTGGAAAACTGAACGT
subra_15_37,AATAGGAACCTCTTACGCGG,ACTAGATTAGCAAGGCACCC,GGGTGCCTTGCTAATCTAGT
subra_15_38,AATAGGAACCTCTTACGCGG,ACTGGACCCAATAAAAGGCC,GGCCTTTTATTGGGTCCAGT
subra_15_39,AATAGGAACCTCTTACGCGG,ACTTCGATTGGCAAGGACTG,CAGTCCTTGCCAATCGAAGT
subra_15_40,AATAGGAACCTCTTACGCGG,AGAACATAGCATTCACGGGG,CCCCGTGAATGCTATGTTCT
subra_15_41,AATAGGAACCTCTTACGCGG,AGACAACAATCTGAGGCTGG,CCAGCCTCAGATTGTTGTCT
subra_15_42,AATAGGAACCTCTTACGCGG,AGACAAGCCTTAACCGTAGG,CCTACGGTTAAGGCTTGTCT
subra_15_43,AATAGGAACCTCTTACGCGG,AGACACAAGGCTGATTCCAG,CTGGAATCAGCCTTGTGTCT
subra_15_44,AATAGGAACCTCTTACGCGG,AGACATGGGATTGACCACAC,GTGTGGTCAATCCCATGTCT
subra_15_45,AATAGGAACCTCTTACGCGG,AGAGAGGCATGATTGACCTC,GAGGTCAATCATGCCTCTCT
subra_15_46,AATAGGAACCTCTTACGCGG,AGAGTTGCACCTAGAATCCG,CGGATTCTAGGTGCAACTCT
subra_15_47,AATAGGAACCTCTTACGCGG,AGATAGATGCTCCGTCAAGC,GCTTGACGGAGCATCTATCT
subra_15_48,AATAGGAACCTCTTACGCGG,AGATAGTCACGCACAAGACC,GGTCTTGTGCGTGACTATCT
subra_16_25,AATATCACGCAAAAGCACCG,ACAGGGTATATTGAGTGCCC,GGGCACTCAATATACCCTGT
subra_16_26,AATATCACGCAAAAGCACCG,ACATAAGCGATCCCAAGGTC,GACCTTGGGATCGCTTATGT
subra_16_27,AATATCACGCAAAAGCACCG,ACATCGCATACCAGAACAGG,CCTGTTCTGGTATGCGATGT
subra_16_28,AATATCACGCAAAAGCACCG,ACATTAAATTTCGCCGTGGC,GCCACGGCGAAATTTAATGT
subra_16_29,AATATCACGCAAAAGCACCG,ACCACAGGTCAAGATTCACG,CGTGAATCTTGACCTGTGGT
subra_16_30,AATATCACGCAAAAGCACCG,ACCCGTATCGCATAAGGATG,CATCCTTATGCGATACGGGT
subra_16_31,AATATCACGCAAAAGCACCG,ACGAGATGATGCACCGATAG,CTATCGGTGCATCATCTCGT
subra_16_32,AATATCACGCAAAAGCACCG,ACGATGGGGACATAGAACAC,GTGTTCTATGTCCCCATCGT
subra_16_33,AATATCACGCAAAAGCACCG,ACGGAGCCCTTATTGTAACC,GGTTACAATAAGGGCTCCGT
subra_16_34,AATATCACGCAAAAGCACCG,ACGTATGGGGAACACTACAC,GTGTAGTGTTCCCCATACGT
subra_16_35,AATATCACGCAAAAGCACCG,ACGTGAAACTGTATCGAGCC,GGCTCGATACAGTTTCACGT
subra_16_36,AATATCACGCAAAAGCACCG,ACGTTCAGTTTTCCAATGGC,GCCATTGGAAAACTGAACGT
subra_16_37,AATATCACGCAAAAGCACCG,ACTAGATTAGCAAGGCACCC,GGGTGCCTTGCTAATCTAGT
subra_16_38,AATATCACGCAAAAGCACCG,ACTGGACCCAATAAAAGGCC,GGCCTTTTATTGGGTCCAGT
subra_16_39,AATATCACGCAAAAGCACCG,ACTTCGATTGGCAAGGACTG,CAGTCCTTGCCAATCGAAGT
subra_16_40,AATATCACGCAAAAGCACCG,AGAACATAGCATTCACGGGG,CCCCGTGAATGCTATGTTCT
subra_16_41,AATATCACGCAAAAGCACCG,AGACAACAATCTGAGGCTGG,CCAGCCTCAGATTGTTGTCT
subra_16_42,AATATCACGCAAAAGCACCG,AGACAAGCCTTAACCGTAGG,CCTACGGTTAAGGCTTGTCT
subra_16_43,AATATCACGCAAAAGCACCG,AGACACAAGGCTGATTCCAG,CTGGAATCAGCCTTGTGTCT
subra_16_44,AATATCACGCAAAAGCACCG,AGACATGGGATTGACCACAC,GTGTGGTCAATCCCATGTCT
subra_16_45,AATATCACGCAAAAGCACCG,AGAGAGGCATGATTGACCTC,GAGGTCAATCATGCCTCTCT
subra_16_46,AATATCACGCAAAAGCACCG,AGAGTTGCACCTAGAATCCG,CGGATTCTAGGTGCAACTCT
subra_16_47,AATATCACGCAAAAGCACCG,AGATAGATGCTCCGTCAAGC,GCTTGACGGAGCATCTATCT
subra_16_48,AATATCACGCAAAAGCACCG,AGATAGTCACGCACAAGACC,GGTCTTGTGCGTGACTATCT
subra_17_25,AATCAGTTTCTTTGGCAGCC,ACAGGGTATATTGAGTGCCC,GGGCACTCAATATACCCTGT
subra_17_26,AATCAGTTTCTTTGGCAGCC,ACATAAGCGATCCCAAGGTC,GACCTTGGGATCGCTTATGT
subra_17_27,AATCAGTTTCTTTGGCAGCC,ACATCGCATACCAGAACAGG,CCTGTTCTGGTATGCGATGT
subra_17_28,AATCAGTTTCTTTGGCAGCC,ACATTAAATTTCGCCGTGGC,GCCACGGCGAAATTTAATGT
subra_17_29,AATCAGTTTCTTTGGCAGCC,ACCACAGGTCAAGATTCACG,CGTGAATCTTGACCTGTGGT
subra_17_30,AATCAGTTTCTTTGGCAGCC,ACCCGTATCGCATAAGGATG,CATCCTTATGCGATACGGGT
subra_17_31,AATCAGTTTCTTTGGCAGCC,ACGAGATGATGCACCGATAG,CTATCGGTGCATCATCTCGT
subra_17_32,AATCAGTTTCTTTGGCAGCC,ACGATGGGGACATAGAACAC,GTGTTCTATGTCCCCATCGT
subra_17_33,AATCAGTTTCTTTGGCAGCC,ACGGAGCCCTTATTGTAACC,GGTTACAATAAGGGCTCCGT
subra_17_34,AATCAGTTTCTTTGGCAGCC,ACGTATGGGGAACACTACAC,GTGTAGTGTTCCCCATACGT
subra_17_35,AATCAGTTTCTTTGGCAGCC,ACGTGAAACTGTATCGAGCC,GGCTCGATACAGTTTCACGT
subra_17_36,AATCAGTTTCTTTGGCAGCC,ACGTTCAGTTTTCCAATGGC,GCCATTGGAAAACTGAACGT
subra_17_37,AATCAGTTTCTTTGGCAGCC,ACTAGATTAGCAAGGCACCC,GGGTGCCTTGCTAATCTAGT
subra_17_38,AATCAGTTTCTTTGGCAGCC,ACTGGACCCAATAAAAGGCC,GGCCTTTTATTGGGTCCAGT
subra_17_39,AATCAGTTTCTTTGGCAGCC,ACTTCGATTGGCAAGGACTG,CAGTCCTTGCCAATCGAAGT
subra_17_40,AATCAGTTTCTTTGGCAGCC,AGAACATAGCATTCACGGGG,CCCCGTGAATGCTATGTTCT
subra_17_41,AATCAGTTTCTTTGGCAGCC,AGACAACAATCTGAGGCTGG,CCAGCCTCAGATTGTTGTCT
subra_17_42,AATCAGTTTCTTTGGCAGCC,AGACAAGCCTTAACCGTAGG,CCTACGGTTAAGGCTTGTCT
subra_17_43,AATCAGTTTCTTTGGCAGCC,AGACACAAGGCTGATTCCAG,CTGGAATCAGCCTTGTGTCT
subra_17_44,AATCAGTTTCTTTGGCAGCC,AGACATGGGATTGACCACAC,GTGTGGTCAATCCCATGTCT
subra_17_45,AATCAGTTTCTTTGGCAGCC,AGAGAGGCATGATTGACCTC,GAGGTCAATCATGCCTCTCT
subra_17_46,AATCAGTTTCTTTGGCAGCC,AGAGTTGCACCTAGAATCCG,CGGATTCTAGGTGCAACTCT
subra_17_47,AATCAGTTTCTTTGGCAGCC,AGATAGATGCTCCGTCAAGC,GCTTGACGGAGCATCTATCT
subra_17_48,AATCAGTTTCTTTGGCAGCC,AGATAGTCACGCACAAGACC,GGTCTTGTGCGTGACTATCT
subra_18_25,AATGCAAAGCTATTAGCGCG,ACAGGGTATATTGAGTGCCC,GGGCACTCAATATACCCTGT
subra_18_26,AATGCAAAGCTATTAGCGCG,ACATAAGCGATCCCAAGGTC,GACCTTGGGATCGCTTATGT
subra_18_27,AATGCAAAGCTATTAGCGCG,ACATCGCATACCAGAACAGG,CCTGTTCTGGTATGCGATGT
subra_18_28,AATGCAAAGCTATTAGCGCG,ACATTAAATTTCGCCGTGGC,GCCACGGCGAAATTTAATGT
subra_18_29,AATGCAAAGCTATTAGCGCG,ACCACAGGTCAAGATTCACG,CGTGAATCTTGACCTGTGGT
subra_18_30,AATGCAAAGCTATTAGCGCG,ACCCGTATCGCATAAGGATG,CATCCTTATGCGATACGGGT
subra_18_31,AATGCAAAGCTATTAGCGCG,ACGAGATGATGCACCGATAG,CTATCGGTGCATCATCTCGT
subra_18_32,AATGCAAAGCTATTAGCGCG,ACGATGGGGACATAGAACAC,GTGTTCTATGTCCCCATCGT
subra_18_33,AATGCAAAGCTATTAGCGCG,ACGGAGCCCTTATTGTAACC,GGTTACAATAAGGGCTCCGT
subra_18_34,AATGCAAAGCTATTAGCGCG,ACGTATGGGGAACACTACAC,GTGTAGTGTTCCCCATACGT
subra_18_35,AATGCAAAGCTATTAGCGCG,ACGTGAAACTGTATCGAGCC,GGCTCGATACAGTTTCACGT
subra_18_36,AATGCAAAGCTATTAGCGCG,ACGTTCAGTTTTCCAATGGC,GCCATTGGAAAACTGAACGT
subra_18_37,AATGCAAAGCTATTAGCGCG,ACTAGATTAGCAAGGCACCC,GGGTGCCTTGCTAATCTAGT
subra_18_38,AATGCAAAGCTATTAGCGCG,ACTGGACCCAATAAAAGGCC,GGCCTTTTATTGGGTCCAGT
subra_18_39,AATGCAAAGCTATTAGCGCG,ACTTCGATTGGCAAGGACTG,CAGTCCTTGCCAATCGAAGT
subra_18_40,AATGCAAAGCTATTAGCGCG,AGAACATAGCATTCACGGGG,CCCCGTGAATGCTATGTTCT
subra_18_41,AATGCAAAGCTATTAGCGCG,AGACAACAATCTGAGGCTGG,CCAGCCTCAGATTGTTGTCT
subra_18_42,AATGCAAAGCTATTAGCGCG,AGACAAGCCTTAACCGTAGG,CCTACGGTTAAGGCTTGTCT
subra_18_43,AATGCAAAGCTATTAGCGCG,AGACACAAGGCTGATTCCAG,CTGGAATCAGCCTTGTGTCT
subra_18_44,AATGCAAAGCTATTAGCGCG,AGACATGGGATTGACCACAC,GTGTGGTCAATCCCATGTCT
subra_18_45,AATGCAAAGCTATTAGCGCG,AGAGAGGCATGATTGACCTC,GAGGTCAATCATGCCTCTCT
subra_18_46,AATGCAAAGCTATTAGCGCG,AGAGTTGCACCTAGAATCCG,CGGATTCTAGGTGCAACTCT
subra_18_47,AATGCAAAGCTATTAGCGCG,AGATAGATGCTCCGTCAAGC,GCTTGACGGAGCATCTATCT
subra_18_48,AATGCAAAGCTATTAGCGCG,AGATAGTCACGCACAAGACC,GGTCTTGTGCGTGACTATCT
subra_19_25,AATGCGTCATTTTACACGGC,ACAGGGTATATTGAGTGCCC,GGGCACTCAATATACCCTGT
subra_19_26,AATGCGTCATTTTACACGGC,ACATAAGCGATCCCAAGGTC,GACCTTGGGATCGCTTATGT
subra_19_27,AATGCGTCATTTTACACGGC,ACATCGCATACCAGAACAGG,CCTGTTCTGGTATGCGATGT
subra_19_28,AATGCGTCATTTTACACGGC,ACATTAAATTTCGCCGTGGC,GCCACGGCGAAATTTAATGT
subra_19_29,AATGCGTCATTTTACACGGC,ACCACAGGTCAAGATTCACG,CGTGAATCTTGACCTGTGGT
subra_19_30,AATGCGTCATTTTACACGGC,ACCCGTATCGCATAAGGATG,CATCCTTATGCGATACGGGT
subra_19_31,AATGCGTCATTTTACACGGC,ACGAGATGATGCACCGATAG,CTATCGGTGCATCATCTCGT
subra_19_32,AATGCGTCATTTTACACGGC,ACGATGGGGACATAGAACAC,GTGTTCTATGTCCCCATCGT
subra_19_33,AATGCGTCATTTTACACGGC,ACGGAGCCCTTATTGTAACC,GGTTACAATAAGGGCTCCGT
subra_19_34,AATGCGTCATTTTACACGGC,ACGTATGGGGAACACTACAC,GTGTAGTGTTCCCCATACGT
subra_19_35,AATGCGTCATTTTACACGGC,ACGTGAAACTGTATCGAGCC,GGCTCGATACAGTTTCACGT
subra_19_36,AATGCGTCATTTTACACGGC,ACGTTCAGTTTTCCAATGGC,GCCATTGGAAAACTGAACGT
subra_19_37,AATGCGTCATTTTACACGGC,ACTAGATTAGCAAGGCACCC,GGGTGCCTTGCTAATCTAGT
subra_19_38,AATGCGTCATTTTACACGGC,ACTGGACCCAATAAAAGGCC,GGCCTTTTATTGGGTCCAGT
subra_19_39,AATGCGTCATTTTACACGGC,ACTTCGATTGGCAAGGACTG,CAGTCCTTGCCAATCGAAGT
subra_19_40,AATGCGTCATTTTACACGGC,AGAACATAGCATTCACGGGG,CCCCGTGAATGCTATGTTCT
subra_19_41,AATGCGTCATTTTACACGGC,AGACAACAATCTGAGGCTGG,CCAGCCTCAGATTGTTGTCT
subra_19_42,AATGCGTCATTTTACACGGC,AGACAAGCCTTAACCGTAGG,CCTACGGTTAAGGCTTGTCT
subra_19_43,AATGCGTCATTTTACACGGC,AGACACAAGGCTGATTCCAG,CTGGAATCAGCCTTGTGTCT
subra_19_44,AATGCGTCATTTTACACGGC,AGACATGGGATTGACCACAC,GTGTGGTCAATCCCATGTCT
subra_19_45,AATGCGTCATTTTACACGGC,AGAGAGGCATGATTGACCTC,GAGGTCAATCATGCCTCTCT
subra_19_46,AATGCGTCATTTTACACGGC,AGAGTTGCACCTAGAATCCG,CGGATTCTAGGTGCAACTCT
subra_19_47,AATGCGTCATTTTACACGGC,AGATAGATGCTCCGTCAAGC,GCTTGACGGAGCATCTATCT
subra_19_48,AATGCGTCATTTTACACGGC,AGATAGTCACGCACAAGACC,GGTCTTGTGCGTGACTATCT
subra_20_25,AATGTCCTTAGGCAGTCGTC,ACAGGGTATATTGAGTGCCC,GGGCACTCAATATACCCTGT
subra_20_26,AATGTCCTTAGGCAGTCGTC,ACATAAGCGATCCCAAGGTC,GACCTTGGGATCGCTTATGT
subra_20_27,AATGTCCTTAGGCAGTCGTC,ACATCGCATACCAGAACAGG,CCTGTTCTGGTATGCGATGT
subra_20_28,AATGTCCTTAGGCAGTCGTC,ACATTAAATTTCGCCGTGGC,GCCACGGCGAAATTTAATGT
subra_20_29,AATGTCCTTAGGCAGTCGTC,ACCACAGGTCAAGATTCACG,CGTGAATCTTGACCTGTGGT
subra_20_30,AATGTCCTTAGGCAGTCGTC,ACCCGTATCGCATAAGGATG,CATCCTTATGCGATACGGGT
subra_20_31,AATGTCCTTAGGCAGTCGTC,ACGAGATGATGCACCGATAG,CTATCGGTGCATCATCTCGT
subra_20_32,AATGTCCTTAGGCAGTCGTC,ACGATGGGGACATAGAACAC,GTGTTCTATGTCCCCATCGT
subra_20_33,AATGTCCTTAGGCAGTCGTC,ACGGAGCCCTTATTGTAACC,GGTTACAATAAGGGCTCCGT
subra_20_34,AATGTCCTTAGGCAGTCGTC,ACGTATGGGGAACACTACAC,GTGTAGTGTTCCCCATACGT
subra_20_35,AATGTCCTTAGGCAGTCGTC,ACGTGAAACTGTATCGAGCC,GGCTCGATACAGTTTCACGT
subra_20_36,AATGTCCTTAGGCAGTCGTC,ACGTTCAGTTTTCCAATGGC,GCCATTGGAAAACTGAACGT
subra_20_37,AATGTCCTTAGGCAGTCGTC,ACTAGATTAGCAAGGCACCC,GGGTGCCTTGCTAATCTAGT
subra_20_38,AATGTCCTTAGGCAGTCGTC,ACTGGACCCAATAAAAGGCC,GGCCTTTTATTGGGTCCAGT
subra_20_39,AATGTCCTTAGGCAGTCGTC,ACTTCGATTGGCAAGGACTG,CAGTCCTTGCCAATCGAAGT
subra_20_40,AATGTCCTTAGGCAGTCGTC,AGAACATAGCATTCACGGGG,CCCCGTGAATGCTATGTTCT
subra_20_41,AATGTCCTTAGGCAGTCGTC,AGACAACAATCTGAGGCTGG,CCAGCCTCAGATTGTTGTCT
subra_20_42,AATGTCCTTAGGCAGTCGTC,AGACAAGCCTTAACCGTAGG,CCTACGGTTAAGGCTTGTCT
subra_20_43,AATGTCCTTAGGCAGTCGTC,AGACACAAGGCTGATTCCAG,CTGGAATCAGCCTTGTGTCT
subra_20_44,AATGTCCTTAGGCAGTCGTC,AGACATGGGATTGACCACAC,GTGTGGTCAATCCCATGTCT
subra_20_45,AATGTCCTTAGGCAGTCGTC,AGAGAGGCATGATTGACCTC,GAGGTCAATCATGCCTCTCT
subra_20_46,AATGTCCTTAGGCAGTCGTC,AGAGTTGCACCTAGAATCCG,CGGATTCTAGGTGCAACTCT
subra_20_47,AATGTCCTTAGGCAGTCGTC,AGATAGATGCTCCGTCAAGC,GCTTGACGGAGCATCTATCT
subra_20_48,AATGTCCTTAGGCAGTCGTC,AGATAGTCACGCACAAGACC,GGTCTTGTGCGTGACTATCT
subra_21_25,ACAACGAGCAGACCGAATAG,ACAGGGTATATTGAGTGCCC,GGGCACTCAATATACCCTGT
subra_21_26,ACAACGAGCAGACCGAATAG,ACATAAGCGATCCCAAGGTC,GACCTTGGGATCGCTTATGT
subra_21_27,ACAACGAGCAGACCGAATAG,ACATCGCATACCAGAACAGG,CCTGTTCTGGTATGCGATGT
subra_21_28,ACAACGAGCAGACCGAATAG,ACATTAAATTTCGCCGTGGC,GCCACGGCGAAATTTAATGT
subra_21_29,ACAACGAGCAGACCGAATAG,ACCACAGGTCAAGATTCACG,CGTGAATCTTGACCTGTGGT
subra_21_30,ACAACGAGCAGACCGAATAG,ACCCGTATCGCATAAGGATG,CATCCTTATGCGATACGGGT
subra_21_31,ACAACGAGCAGACCGAATAG,ACGAGATGATGCACCGATAG,CTATCGGTGCATCATCTCGT
subra_21_32,ACAACGAGCAGACCGAATAG,ACGATGGGGACATAGAACAC,GTGTTCTATGTCCCCATCGT
subra_21_33,ACAACGAGCAGACCGAATAG,ACGGAGCCCTTATTGTAACC,GGTTACAATAAGGGCTCCGT
subra_21_34,ACAACGAGCAGACCGAATAG,ACGTATGGGGAACACTACAC,GTGTAGTGTTCCCCATACGT
subra_21_35,ACAACGAGCAGACCGAATAG,ACGTGAAACTGTATCGAGCC,GGCTCGATACAGTTTCACGT
subra_21_36,ACAACGAGCAGACCGAATAG,ACGTTCAGTTTTCCAATGGC,GCCATTGGAAAACTGAACGT
subra_21_37,ACAACGAGCAGACCGAATAG,ACTAGATTAGCAAGGCACCC,GGGTGCCTTGCTAATCTAGT
subra_21_38,ACAACGAGCAGACCGAATAG,ACTGGACCCAATAAAAGGCC,GGCCTTTTATTGGGTCCAGT
subra_21_39,ACAACGAGCAGACCGAATAG,ACTTCGATTGGCAAGGACTG,CAGTCCTTGCCAATCGAAGT
subra_21_40,ACAACGAGCAGACCGAATAG,AGAACATAGCATTCACGGGG,CCCCGTGAATGCTATGTTCT
subra_21_41,ACAACGAGCAGACCGAATAG,AGACAACAATCTGAGGCTGG,CCAGCCTCAGATTGTTGTCT
subra_21_42,ACAACGAGCAGACCGAATAG,AGACAAGCCTTAACCGTAGG,CCTACGGTTAAGGCTTGTCT
subra_21_43,ACAACGAGCAGACCGAATAG,AGACACAAGGCTGATTCCAG,CTGGAATCAGCCTTGTGTCT
subra_21_44,ACAACGAGCAGACCGAATAG,AGACATGGGATTGACCACAC,GTGTGGTCAATCCCATGTCT
subra_21_45,ACAACGAGCAGACCGAATAG,AGAGAGGCATGATTGACCTC,GAGGTCAATCATGCCTCTCT
subra_21_46,ACAACGAGCAGACCGAATAG,AGAGTTGCACCTAGAATCCG,CGGATTCTAGGTGCAACTCT
subra_21_47,ACAACGAGCAGACCGAATAG,AGATAGATGCTCCGTCAAGC,GCTTGACGGAGCATCTATCT
subra_21_48,ACAACGAGCAGACCGAATAG,AGATAGTCACGCACAAGACC,GGTCTTGTGCGTGACTATCT
subra_22_25,ACAAGGAGTCGGCATATCAC,ACAGGGTATATTGAGTGCCC,GGGCACTCAATATACCCTGT
subra_22_26,ACAAGGAGTCGGCATATCAC,ACATAAGCGATCCCAAGGTC,GACCTTGGGATCGCTTATGT
subra_22_27,ACAAGGAGTCGGCATATCAC,ACATCGCATACCAGAACAGG,CCTGTTCTGGTATGCGATGT
subra_22_28,ACAAGGAGTCGGCATATCAC,ACATTAAATTTCGCCGTGGC,GCCACGGCGAAATTTAATGT
subra_22_29,ACAAGGAGTCGGCATATCAC,ACCACAGGTCAAGATTCACG,CGTGAATCTTGACCTGTGGT
subra_22_30,ACAAGGAGTCGGCATATCAC,ACCCGTATCGCATAAGGATG,CATCCTTATGCGATACGGGT
subra_22_31,ACAAGGAGTCGGCATATCAC,ACGAGATGATGCACCGATAG,CTATCGGTGCATCATCTCGT
subra_22_32,ACAAGGAGTCGGCATATCAC,ACGATGGGGACATAGAACAC,GTGTTCTATGTCCCCATCGT
subra_22_33,ACAAGGAGTCGGCATATCAC,ACGGAGCCCTTATTGTAACC,GGTTACAATAAGGGCTCCGT
subra_22_34,ACAAGGAGTCGGCATATCAC,ACGTATGGGGAACACTACAC,GTGTAGTGTTCCCCATACGT
subra_22_35,ACAAGGAGTCGGCATATCAC,ACGTGAAACTGTATCGAGCC,GGCTCGATACAGTTTCACGT
subra_22_36,ACAAGGAGTCGGCATATCAC,ACGTTCAGTTTTCCAATGGC,GCCATTGGAAAACTGAACGT
subra_22_37,ACAAGGAGTCGGCATATCAC,ACTAGATTAGCAAGGCACCC,GGGTGCCTTGCTAATCTAGT
subra_22_38,ACAAGGAGTCGGCATATCAC,ACTGGACCCAATAAAAGGCC,GGCCTTTTATTGGGTCCAGT
subra_22_39,ACAAGGAGTCGGCATATCAC,ACTTCGATTGGCAAGGACTG,CAGTCCTTGCCAATCGAAGT
subra_22_40,ACAAGGAGTCGGCATATCAC,AGAACATAGCATTCACGGGG,CCCCGTGAATGCTATGTTCT
subra_22_41,ACAAGGAGTCGGCATATCAC,AGACAACAATCTGAGGCTGG,CCAGCCTCAGATTGTTGTCT
subra_22_42,ACAAGGAGTCGGCATATCAC,AGACAAGCCTTAACCGTAGG,CCTACGGTTAAGGCTTGTCT
subra_22_43,ACAAGGAGTCGGCATATCAC,AGACACAAGGCTGATTCCAG,CTGGAATCAGCCTTGTGTCT
subra_22_44,ACAAGGAGTCGGCATATCAC,AGACATGGGATTGACCACAC,GTGTGGTCAATCCCATGTCT
subra_22_45,ACAAGGAGTCGGCATATCAC,AGAGAGGCATGATTGACCTC,GAGGTCAATCATGCCTCTCT
subra_22_46,ACAAGGAGTCGGCATATCAC,AGAGTTGCACCTAGAATCCG,CGGATTCTAGGTGCAACTCT
subra_22_47,ACAAGGAGTCGGCATATCAC,AGATAGATGCTCCGTCAAGC,GCTTGACGGAGCATCTATCT
subra_22_48,ACAAGGAGTCGGCATATCAC,AGATAGTCACGCACAAGACC,GGTCTTGTGCGTGACTATCT
subra_23_25,ACAGAACGAACAGGCACTAC,ACAGGGTATATTGAGTGCCC,GGGCACTCAATATACCCTGT
subra_23_26,ACAGAACGAACAGGCACTAC,ACATAAGCGATCCCAAGGTC,GACCTTGGGATCGCTTATGT
subra_23_27,ACAGAACGAACAGGCACTAC,ACATCGCATACCAGAACAGG,CCTGTTCTGGTATGCGATGT
subra_23_28,ACAGAACGAACAGGCACTAC,ACATTAAATTTCGCCGTGGC,GCCACGGCGAAATTTAATGT
subra_23_29,ACAGAACGAACAGGCACTAC,ACCACAGGTCAAGATTCACG,CGTGAATCTTGACCTGTGGT
subra_23_30,ACAGAACGAACAGGCACTAC,ACCCGTATCGCATAAGGATG,CATCCTTATGCGATACGGGT
subra_23_31,ACAGAACGAACAGGCACTAC,ACGAGATGATGCACCGATAG,CTATCGGTGCATCATCTCGT
subra_23_32,ACAGAACGAACAGGCACTAC,ACGATGGGGACATAGAACAC,GTGTTCTATGTCCCCATCGT
subra_23_33,ACAGAACGAACAGGCACTAC,ACGGAGCCCTTATTGTAACC,GGTTACAATAAGGGCTCCGT
subra_23_34,ACAGAACGAACAGGCACTAC,ACGTATGGGGAACACTACAC,GTGTAGTGTTCCCCATACGT
subra_23_35,ACAGAACGAACAGGCACTAC,ACGTGAAACTGTATCGAGCC,GGCTCGATACAGTTTCACGT
subra_23_36,ACAGAACGAACAGGCACTAC,ACGTTCAGTTTTCCAATGGC,GCCATTGGAAAACTGAACGT
subra_23_37,ACAGAACGAACAGGCACTAC,ACTAGATTAGCAAGGCACCC,GGGTGCCTTGCTAATCTAGT
subra_23_38,ACAGAACGAACAGGCACTAC,ACTGGACCCAATAAAAGGCC,GGCCTTTTATTGGGTCCAGT
subra_23_39,ACAGAACGAACAGGCACTAC,ACTTCGATTGGCAAGGACTG,CAGTCCTTGCCAATCGAAGT
subra_23_40,ACAGAACGAACAGGCACTAC,AGAACATAGCATTCACGGGG,CCCCGTGAATGCTATGTTCT
subra_23_41,ACAGAACGAACAGGCACTAC,AGACAACAATCTGAGGCTGG,CCAGCCTCAGATTGTTGTCT
subra_23_42,ACAGAACGAACAGGCACTAC,AGACAAGCCTTAACCGTAGG,CCTACGGTTAAGGCTTGTCT
subra_23_43,ACAGAACGAACAGGCACTAC,AGACACAAGGCTGATTCCAG,CTGGAATCAGCCTTGTGTCT
subra_23_44,ACAGAACGAACAGGCACTAC,AGACATGGGATTGACCACAC,GTGTGGTCAATCCCATGTCT
subra_23_45,ACAGAACGAACAGGCACTAC,AGAGAGGCATGATTGACCTC,GAGGTCAATCATGCCTCTCT
subra_23_46,ACAGAACGAACAGGCACTAC,AGAGTTGCACCTAGAATCCG,CGGATTCTAGGTGCAACTCT
subra_23_47,ACAGAACGAACAGGCACTAC,AGATAGATGCTCCGTCAAGC,GCTTGACGGAGCATCTATCT
subra_23_48,ACAGAACGAACAGGCACTAC,AGATAGTCACGCACAAGACC,GGTCTTGTGCGTGACTATCT
subra_24_25,ACAGGAAGCAAGGTATACGC,ACAGGGTATATTGAGTGCCC,GGGCACTCAATATACCCTGT
subra_24_26,ACAGGAAGCAAGGTATACGC,ACATAAGCGATCCCAAGGTC,GACCTTGGGATCGCTTATGT
subra_24_27,ACAGGAAGCAAGGTATACGC,ACATCGCATACCAGAACAGG,CCTGTTCTGGTATGCGATGT
subra_24_28,ACAGGAAGCAAGGTATACGC,ACATTAAATTTCGCCGTGGC,GCCACGGCGAAATTTAATGT
subra_24_29,ACAGGAAGCAAGGTATACGC,ACCACAGGTCAAGATTCACG,CGTGAATCTTGACCTGTGGT
subra_24_30,ACAGGAAGCAAGGTATACGC,ACCCGTATCGCATAAGGATG,CATCCTTATGCGATACGGGT
subra_24_31,ACAGGAAGCAAGGTATACGC,ACGAGATGATGCACCGATAG,CTATCGGTGCATCATCTCGT
subra_24_32,ACAGGAAGCAAGGTATACGC,ACGATGGGGACATAGAACAC,GTGTTCTATGTCCCCATCGT
subra_24_33,ACAGGAAGCAAGGTATACGC,ACGGAGCCCTTATTGTAACC,GGTTACAATAAGGGCTCCGT
subra_24_34,ACAGGAAGCAAGGTATACGC,ACGTATGGGGAACACTACAC,GTGTAGTGTTCCCCATACGT
subra_24_35,ACAGGAAGCAAGGTATACGC,ACGTGAAACTGTATCGAGCC,GGCTCGATACAGTTTCACGT
subra_24_36,ACAGGAAGCAAGGTATACGC,ACGTTCAGTTTTCCAATGGC,GCCATTGGAAAACTGAACGT
subra_24_37,ACAGGAAGCAAGGTATACGC,ACTAGATTAGCAAGGCACCC,GGGTGCCTTGCTAATCTAGT
subra_24_38,ACAGGAAGCAAGGTATACGC,ACTGGACCCAATAAAAGGCC,GGCCTTTTATTGGGTCCAGT
subra_24_39,ACAGGAAGCAAGGTATACGC,ACTTCGATTGGCAAGGACTG,CAGTCCTTGCCAATCGAAGT
subra_24_40,ACAGGAAGCAAGGTATACGC,AGAACATAGCATTCACGGGG,CCCCGTGAATGCTATGTTCT
subra_24_41,ACAGGAAGCAAGGTATACGC,AGACAACAATCTGAGGCTGG,CCAGCCTCAGATTGTTGTCT
subra_24_42,ACAGGAAGCAAGGTATACGC,AGACAAGCCTTAACCGTAGG,CCTACGGTTAAGGCTTGTCT
subra_24_43,ACAGGAAGCAAGGTATACGC,AGACACAAGGCTGATTCCAG,CTGGAATCAGCCTTGTGTCT
subra_24_44,ACAGGAAGCAAGGTATACGC,AGACATGGGATTGACCACAC,GTGTGGTCAATCCCATGTCT
subra_24_45,ACAGGAAGCAAGGTATACGC,AGAGAGGCATGATTGACCTC,GAGGTCAATCATGCCTCTCT
subra_24_46,ACAGGAAGCAAGGTATACGC,AGAGTTGCACCTAGAATCCG,CGGATTCTAGGTGCAACTCT
subra_24_47,ACAGGAAGCAAGGTATACGC,AGATAGATGCTCCGTCAAGC,GCTTGACGGAGCATCTATCT
subra_24_48,ACAGGAAGCAAGGTATACGC,AGATAGTCACGCACAAGACC,GGTCTTGTGCGTGACTATCT
